Workbook

Sheet TabDinamica1
A3: Ingresos | B3: Categoria
A4: Region | B4: Deportes | C4: Electrónica | D4: Hogar | E4: Ropa | F4: Total general
A5: Centro | B5: 75272 | C5: 85254 | D5: 118576 | E5: 91517 | F5: 370619
A6: Norte | B6: 69278 | C6: 74242 | D6: 90669 | E6: 55903 | F6: 290092
A7: Occidente | B7: 48942 | C7: 55778 | D7: 64090 | E7: 64185 | F7: 232995
A8: Sur | B8: 31133 | C8: 27755 | D8: 49275 | E8: 31155 | F8: 139318
A9: Total general | B9: 224625 | C9: 243029 | D9: 322610 | E9: 242760 | F9: 1033024

Sheet TabDinamica2
A3: Etiquetas de fila | B3: Suma de Importe
A4: ene | B4: 184377
A5: feb | B5: 198673
A6: mar | B6: 153957
A7: abr | B7: 173547
A8: may | B8: 168264
A9: jun | B9: 154206
A10: Total general | B10: 1033024

Sheet TabDinamica3
A1: Categoria | B1: (Todas)
B3: Etiquetas de columna
B4: ene | D4: feb | F4: mar | H4: abr | J4: may | L4: jun | N4: Total Suma de Importe | O4: Total Importancia
A7: Etiquetas de fila | B7: Suma de Importe | C7: Importancia | D7: Suma de Importe | E7: Importancia | F7: Suma de Importe | G7: Importancia | H7: Suma de Importe | I7: Importancia | J7: Suma de Importe | K7: Importancia | L7: Suma de Importe | M7: Importancia
A8: Producto_1 | B8: 7022 | C8: 12 | D8: 7406 | E8: 13 | F8: 6305 | G8: 6 | H8: 8548 | I8: 4 | J8: 4728 | K8: 19 | L8: 2532 | M8: 30 | N8: 36541 | O8: 9
A9: Producto_10 | B9: 6418 | C9: 14 | D9: 8519 | E9: 7 | F9: 2573 | G9: 29 | H9: 880 | I9: 32 | J9: 6920 | K9: 7 | L9: 1128 | M9: 32 | N9: 26438 | O9: 28
A10: Producto_11 | B10: 9203 | C10: 3 | D10: 9651 | E10: 4 | F10: 5281 | G10: 11 | H10: 6750 | I10: 9 | J10: 2876 | K10: 27 | L10: 4451 | M10: 17 | N10: 38212 | O10: 6
A11: Producto_12 | B11: 5069 | C11: 20 | D11: 3891 | E11: 23 | F11: 4906 | G11: 16 | H11: 6276 | I11: 11 | J11: 5072 | K11: 15 | L11: 5517 | M11: 12 | N11: 30731 | O11: 18
A12: Producto_13 | B12: 2442 | C12: 30 | D12: 6045 | E12: 18 | F12: 5061 | G12: 14 | H12: 5796 | I12: 12 | J12: 7642 | K12: 5 | L12: 6337 | M12: 8 | N12: 33323 | O12: 13
A13: Producto_14 | B13: 8404 | C13: 6 | D13: 5357 | E13: 19 | F13: 4050 | G13: 22 | H13: 2045 | I13: 31 | J13: 2945 | K13: 26 | L13: 4668 | M13: 15 | N13: 27469 | O13: 26
A14: Producto_15 | B14: 2605 | C14: 29 | D14: 2965 | E14: 29 | F14: 4025 | G14: 23 | H14: 3183 | I14: 29 | J14: 5271 | K14: 14 | L14: 4334 | M14: 18 | N14: 22383 | O14: 31
A15: Producto_16 | B15: 4778 | C15: 21 | D15: 7973 | E15: 10 | F15: 4275 | G15: 20 | H15: 3409 | I15: 28 | J15: 950 | K15: 32 | L15: 6843 | M15: 5 | N15: 28228 | O15: 23
A16: Producto_17 | B16: 5711 | C16: 18 | D16: 1958 | E16: 31 | F16: 4482 | G16: 19 | H16: 6965 | I16: 6 | J16: 1644 | K16: 29 | L16: 6783 | M16: 6 | N16: 27543 | O16: 25
A17: Producto_18 | B17: 8006 | C17: 8 | D17: 7103 | E17: 14 | F17: 1532 | G17: 31 | H17: 4373 | I17: 24 | J17: 1508 | K17: 30 | L17: 3407 | M17: 26 | N17: 25929 | O17: 30
A18: Producto_19 | B18: 3960 | C18: 23 | D18: 9796 | E18: 3 | F18: 5078 | G18: 12 | H18: 4979 | I18: 16 | J18: 3912 | K18: 22 | L18: 2842 | M18: 28 | N18: 30567 | O18: 20
A19: Producto_2 | B19: 3311 | C19: 25 | D19: 6275 | E19: 16 | F19: 11457 | G19: 1 | H19: 4570 | I19: 22 | J19: 2413 | K19: 28 | L19: 2679 | M19: 29 | N19: 30705 | O19: 19
... A37: Producto_7 | B37: 6819 | C37: 13 | D37: 8219 | E37: 8 | F37: 2043 | G37: 30 | H37: 4735 | I37: 19 | J37: 6045 | K37: 10 | L37: 6694 | M37: 7 | N37: 34555 | O37: 12
A38: Producto_8 | B38: 7215 | C38: 10 | D38: 4547 | E38: 22 | H38: 3176 | I38: 30 | J38: 12477 | K38: 2 | L38: 3966 | M38: 23 | N38: 31381 | O38: 16
A39: Producto_9 | B39: 7428 | C39: 9 | D39: 7582 | E39: 12 | F39: 5347 | G39: 10 | H39: 4564 | I39: 23 | J39: 6392 | K39: 8 | L39: 4553 | M39: 16 | N39: 35866 | O39: 10
A40: Total general | B40: 184377 | D40: 198673 | F40: 153957 | H40: 173547 | J40: 168264 | L40: 154206 | N40: 1033024

Sheet ventas
A1: IDVenta | B1: FechaPedido | C1: IDProducto | D1: Estado | E1: Importe | F1: Producto | G1: Categoria | H1: Region
A2: 200000 | B2: 45832 | C2: 30 | D2: Puebla | E2: 641 | F2: =VLOOKUP(Tabla1[[#This Row],[IDProducto]],producto!$A$1:$C$33,2,FALSE) -> Producto_30 | G2: =VLOOKUP(Tabla1[[#This Row],[IDProducto]],producto!$A$1:$C$33,3,FALSE) -> Hogar | H2: =VLOOKUP(Tabla1[[#This Row],[Estado]],Tabla3[#All],2,0) -> Centro
A3: 200001 | B3: 45718 | C3: 12 | D3: Michoacán | E3: 1247 | F3: =VLOOKUP(Tabla1[[#This Row],[IDProducto]],producto!$A$1:$C$33,2,FALSE) -> Producto_12 | G3: =VLOOKUP(Tabla1[[#This Row],[IDProducto]],producto!$A$1:$C$33,3,FALSE) -> Hogar | H3: =VLOOKUP(Tabla1[[#This Row],[Estado]],Tabla3[#All],2,0) -> Occidente
A4: 200002 | B4: 45703 | C4: 20 | D4: Puebla | E4: 1241 | F4: =VLOOKUP(Tabla1[[#This Row],[IDProducto]],producto!$A$1:$C$33,2,FALSE) -> Producto_20 | G4: =VLOOKUP(Tabla1[[#This Row],[IDProducto]],producto!$A$1:$C$33,3,FALSE) -> Deportes | H4: =VLOOKUP(Tabla1[[#This Row],[Estado]],Tabla3[#All],2,0) -> Centro
A5: 200003 | B5: 45667 | C5: 14 | D5: Sonora | E5: 712 | F5: =VLOOKUP(Tabla1[[#This Row],[IDProducto]],producto!$A$1:$C$33,2,FALSE) -> Producto_14 | G5: =VLOOKUP(Tabla1[[#This Row],[IDProducto]],producto!$A$1:$C$33,3,FALSE) -> Hogar | H5: =VLOOKUP(Tabla1[[#This Row],[Estado]],Tabla3[#All],2,0) -> Norte
A6: 200004 | B6: 45832 | C6: 12 | D6: Nuevo León | E6: 1011 | F6: =VLOOKUP(Tabla1[[#This Row],[IDProducto]],producto!$A$1:$C$33,2,FALSE) -> Producto_12 | G6: =VLOOKUP(Tabla1[[#This Row],[IDProducto]],producto!$A$1:$C$33,3,FALSE) -> Hogar | H6: =VLOOKUP(Tabla1[[#This Row],[Estado]],Tabla3[#All],2,0) -> Norte
A7: 200005 | B7: 45671 | C7: 32 | D7: Puebla | E7: 1305 | F7: =VLOOKUP(Tabla1[[#This Row],[IDProducto]],producto!$A$1:$C$33,2,FALSE) -> Producto_32 | G7: =VLOOKUP(Tabla1[[#This Row],[IDProducto]],producto!$A$1:$C$33,3,FALSE) -> Hogar | H7: =VLOOKUP(Tabla1[[#This Row],[Estado]],Tabla3[#All],2,0) -> Centro
A8: 200006 | B8: 45728 | C8: 32 | D8: Sonora | E8: 1697 | F8: =VLOOKUP(Tabla1[[#This Row],[IDProducto]],producto!$A$1:$C$33,2,FALSE) -> Producto_32 | G8: =VLOOKUP(Tabla1[[#This Row],[IDProducto]],producto!$A$1:$C$33,3,FALSE) -> Hogar | H8: =VLOOKUP(Tabla1[[#This Row],[Estado]],Tabla3[#All],2,0) -> Norte
A9: 200007 | B9: 45677 | C9: 4 | D9: Puebla | E9: 1836 | F9: =VLOOKUP(Tabla1[[#This Row],[IDProducto]],producto!$A$1:$C$33,2,FALSE) -> Producto_4 | G9: =VLOOKUP(Tabla1[[#This Row],[IDProducto]],producto!$A$1:$C$33,3,FALSE) -> Deportes | H9: =VLOOKUP(Tabla1[[#This Row],[Estado]],Tabla3[#All],2,0) -> Centro
A10: 200008 | B10: 45726 | C10: 2 | D10: Paraguay | E10: 1345 | F10: =VLOOKUP(Tabla1[[#This Row],[IDProducto]],producto!$A$1:$C$33,2,FALSE) -> Producto_2 | G10: =VLOOKUP(Tabla1[[#This Row],[IDProducto]],producto!$A$1:$C$33,3,FALSE) -> Deportes | H10: =VLOOKUP(Tabla1[[#This Row],[Estado]],Tabla3[#All],2,0) -> Sur
A11: 200009 | B11: 45733 | C11: 22 | D11: Paraguay | E11: 1188 | F11: =VLOOKUP(Tabla1[[#This Row],[IDProducto]],producto!$A$1:$C$33,2,FALSE) -> Producto_22 | G11: =VLOOKUP(Tabla1[[#This Row],[IDProducto]],producto!$A$1:$C$33,3,FALSE) -> Hogar | H11: =VLOOKUP(Tabla1[[#This Row],[Estado]],Tabla3[#All],2,0) -> Sur
A12: 200010 | B12: 45768 | C12: 27 | D12: Michoacán | E12: 1266 | F12: =VLOOKUP(Tabla1[[#This Row],[IDProducto]],producto!$A$1:$C$33,2,FALSE) -> Producto_27 | G12: =VLOOKUP(Tabla1[[#This Row],[IDProducto]],producto!$A$1:$C$33,3,FALSE) -> Electrónica | H12: =VLOOKUP(Tabla1[[#This Row],[Estado]],Tabla3[#All],2,0) -> Occidente
A13: 200011 | B13: 45667 | C13: 28 | D13: Paraguay | E13: 1888 | F13: =VLOOKUP(Tabla1[[#This Row],[IDProducto]],producto!$A$1:$C$33,2,FALSE) -> Producto_28 | G13: =VLOOKUP(Tabla1[[#This Row],[IDProducto]],producto!$A$1:$C$33,3,FALSE) -> Hogar | H13: =VLOOKUP(Tabla1[[#This Row],[Estado]],Tabla3[#All],2,0) -> Sur
... A1001: 200999 | B1001: 45837 | C1001: 21 | D1001: CDMX | E1001: 1883 | F1001: =VLOOKUP(Tabla1[[#This Row],[IDProducto]],producto!$A$1:$C$33,2,FALSE) -> Producto_21 | G1001: =VLOOKUP(Tabla1[[#This Row],[IDProducto]],producto!$A$1:$C$33,3,FALSE) -> Electrónica | H1001: =VLOOKUP(Tabla1[[#This Row],[Estado]],Tabla3[#All],2,0) -> Centro

Sheet producto
A1: IDProducto | B1: NombreProducto | C1: Categoria
A2: 1 | B2: Producto_1 | C2: Hogar
A3: 2 | B3: Producto_2 | C3: Deportes
A4: 3 | B4: Producto_3 | C4: Deportes
A5: 4 | B5: Producto_4 | C5: Deportes
A6: 5 | B6: Producto_5 | C6: Hogar
A7: 6 | B7: Producto_6 | C7: Electrónica
A8: 7 | B8: Producto_7 | C8: Ropa
A9: 8 | B9: Producto_8 | C9: Electrónica
A10: 9 | B10: Producto_9 | C10: Electrónica
A11: 10 | B11: Producto_10 | C11: Ropa
A12: 11 | B12: Producto_11 | C12: Ropa
A13: 12 | B13: Producto_12 | C13: Hogar
... A33: 32 | B33: Producto_32 | C33: Hogar

Sheet regiones
A1: Estado | B1: Region
A2: Nuevo León | B2: Norte
A3: Sonora | B3: Norte
A4: Paraguay | B4: Sur
A5: Edo. Mex | B5: Centro
A6: CDMX | B6: Centro
A7: Puebla | B7: Centro
A8: Jalisco | B8: Occidente
A9: Michoacán | B9: Occidente
